{"epoch": 3, "valid_loss": 0.4685574322938919, "valid_metric": 0.4291699081659317}