{"epoch": 3, "valid_loss": 0.30455560982227325, "valid_metric": 0.24638935923576355}